{"asset/.DS_Store":["asset/.DS_Store"],"asset/flag/ic_af.png":["asset/flag/ic_af.png"],"asset/flag/ic_ar.png":["asset/flag/ic_ar.png"],"asset/flag/ic_fr.png":["asset/flag/ic_fr.png"],"asset/flag/ic_in.png":["asset/flag/ic_in.png"],"asset/flag/ic_pt.png":["asset/flag/ic_pt.png"],"asset/flag/ic_tr.png":["asset/flag/ic_tr.png"],"asset/flag/ic_us.png":["asset/flag/ic_us.png"],"asset/flag/ic_vi.png":["asset/flag/ic_vi.png"],"asset/ic_facebook.png":["asset/ic_facebook.png"],"asset/ic_insta.png":["asset/ic_insta.png"],"asset/ic_logo.png":["asset/ic_logo.png"],"asset/ic_no_data.png":["asset/ic_no_data.png"],"asset/ic_placeholder.png":["asset/ic_placeholder.png"],"asset/ic_twitter.png":["asset/ic_twitter.png"],"asset/ic_walk1.png":["asset/ic_walk1.png"],"asset/ic_walk2.png":["asset/ic_walk2.png"],"asset/ic_walk3.png":["asset/ic_walk3.png"],"asset/ic_web.png":["asset/ic_web.png"],"asset/ic_whatsapp.png":["asset/ic_whatsapp.png"],"asset/ic_youtube.png":["asset/ic_youtube.png"],"packages/cupertino_icons/assets/CupertinoIcons.ttf":["packages/cupertino_icons/assets/CupertinoIcons.ttf"],"packages/flutter_inappwebview/assets/t_rex_runner/t-rex.css":["packages/flutter_inappwebview/assets/t_rex_runner/t-rex.css"],"packages/flutter_inappwebview/assets/t_rex_runner/t-rex.html":["packages/flutter_inappwebview/assets/t_rex_runner/t-rex.html"],"packages/flutter_vector_icons/fonts/AntDesign.ttf":["packages/flutter_vector_icons/fonts/AntDesign.ttf"],"packages/flutter_vector_icons/fonts/Entypo.ttf":["packages/flutter_vector_icons/fonts/Entypo.ttf"],"packages/flutter_vector_icons/fonts/EvilIcons.ttf":["packages/flutter_vector_icons/fonts/EvilIcons.ttf"],"packages/flutter_vector_icons/fonts/Feather.ttf":["packages/flutter_vector_icons/fonts/Feather.ttf"],"packages/flutter_vector_icons/fonts/FontAwesome.ttf":["packages/flutter_vector_icons/fonts/FontAwesome.ttf"],"packages/flutter_vector_icons/fonts/FontAwesome5_Brands.ttf":["packages/flutter_vector_icons/fonts/FontAwesome5_Brands.ttf"],"packages/flutter_vector_icons/fonts/FontAwesome5_Regular.ttf":["packages/flutter_vector_icons/fonts/FontAwesome5_Regular.ttf"],"packages/flutter_vector_icons/fonts/FontAwesome5_Solid.ttf":["packages/flutter_vector_icons/fonts/FontAwesome5_Solid.ttf"],"packages/flutter_vector_icons/fonts/Fontisto.ttf":["packages/flutter_vector_icons/fonts/Fontisto.ttf"],"packages/flutter_vector_icons/fonts/Foundation.ttf":["packages/flutter_vector_icons/fonts/Foundation.ttf"],"packages/flutter_vector_icons/fonts/Ionicons.ttf":["packages/flutter_vector_icons/fonts/Ionicons.ttf"],"packages/flutter_vector_icons/fonts/MaterialCommunityIcons.ttf":["packages/flutter_vector_icons/fonts/MaterialCommunityIcons.ttf"],"packages/flutter_vector_icons/fonts/MaterialIcons.ttf":["packages/flutter_vector_icons/fonts/MaterialIcons.ttf"],"packages/flutter_vector_icons/fonts/Octicons.ttf":["packages/flutter_vector_icons/fonts/Octicons.ttf"],"packages/flutter_vector_icons/fonts/SimpleLineIcons.ttf":["packages/flutter_vector_icons/fonts/SimpleLineIcons.ttf"],"packages/flutter_vector_icons/fonts/Zocial.ttf":["packages/flutter_vector_icons/fonts/Zocial.ttf"],"packages/fluttertoast/assets/toastify.css":["packages/fluttertoast/assets/toastify.css"],"packages/fluttertoast/assets/toastify.js":["packages/fluttertoast/assets/toastify.js"]}